<DATE>	<TIME>	<OPEN>	<HIGH>	<LOW>	<CLOSE>	<TICKVOL>	<VOL>	<SPREAD>
2021.04.01	01:00:00	3978.6	3978.9	3977.4	3978.4	88	0	7
2021.04.01	02:00:00	3978.4	3980.6	3975.6	3980.6	530	0	7
2021.04.01	03:00:00	3980.6	3983.1	3977.4	3982.1	715	0	7
2021.04.01	04:00:00	3982.1	3982.4	3977.1	3979.4	778	0	7
2021.04.01	05:00:00	3979.4	3982.9	3974.4	3976.4	823	0	7
2021.04.01	06:00:00	3976.6	3978.1	3975.1	3977.6	612	0	7
2021.04.01	07:00:00	3977.6	3979.3	3976.4	3978.4	337	0	7
2021.04.01	08:00:00	3978.1	3981.6	3977.4	3979.6	594	0	7
2021.04.01	09:00:00	3979.6	3986.1	3978.6	3985.9	642	0	7
2021.04.01	10:00:00	3985.6	3990.4	3982.4	3989.6	1268	0	7
2021.04.01	11:00:00	3989.6	3993.1	3988.6	3992.9	853	0	7
2021.04.01	12:00:00	3992.9	3994.1	3989.9	3990.4	556	0	7
2021.04.01	13:00:00	3990.6	3990.6	3986.4	3986.4	409	0	7
2021.04.01	14:00:00	3986.4	3992.6	3986.4	3992.1	341	0	7
2021.04.01	15:00:00	3992.1	3995.1	3991.1	3994.6	530	0	7
2021.04.01	16:00:00	3994.6	4001.1	3992.6	3997.5	1595	0	7
2021.04.01	17:00:00	3998.1	4006.9	3996.1	4006.9	1740	0	7
2021.04.01	18:00:00	4006.9	4010.4	4004.7	4005.7	1538	0	7
2021.04.01	19:00:00	4005.4	4012.4	4005.4	4011.4	832	0	7
2021.04.01	20:00:00	4011.7	4012.7	4007.4	4010.7	906	0	7
2021.04.01	21:00:00	4010.7	4013.9	4010.2	4013.4	513	0	7
2021.04.01	22:00:00	4013.2	4020.6	4008.4	4019.4	1281	0	7
2021.04.02	01:00:00	4023.7	4025.0	4023.7	4024.7	97	0	7
2021.04.02	02:00:00	4024.7	4026.7	4024.5	4026.0	272	0	7
2021.04.02	03:00:00	4026.0	4026.5	4025.0	4026.0	211	0	7
2021.04.02	04:00:00	4026.0	4026.7	4024.7	4025.5	181	0	7
2021.04.02	05:00:00	4025.5	4026.7	4024.2	4026.2	156	0	8
2021.04.02	06:00:00	4026.2	4026.2	4025.7	4026.2	93	0	7
2021.04.02	07:00:00	4026.5	4026.5	4026.0	4026.5	39	0	7
2021.04.02	08:00:00	4026.5	4028.7	4025.5	4028.2	134	0	7
2021.04.02	09:00:00	4028.2	4030.7	4028.2	4029.2	185	0	7
2021.04.02	10:00:00	4029.2	4030.2	4029.0	4029.5	255	0	7
2021.04.02	11:00:00	4029.6	4031.7	4027.9	4031.7	272	0	7
2021.04.02	12:00:00	4031.2	4031.2	4029.2	4030.7	163	0	7
2021.04.02	13:00:00	4030.7	4031.5	4028.2	4031.5	206	0	7
2021.04.02	14:00:00	4031.5	4032.2	4030.2	4032.2	212	0	7
2021.04.02	15:00:00	4032.2	4047.7	4031.0	4042.0	1917	0	7
2021.04.02	16:00:00	4041.7	4042.1	4035.5	4037.0	1023	0	7
2021.04.02	19:00:00	4037.0	4037.0	4037.0	4037.0	1	0	8
2021.04.05	01:00:00	4035.0	4035.7	4032.0	4034.0	340	0	7
2021.04.05	02:00:00	4034.0	4043.0	4033.7	4041.7	517	0	7
2021.04.05	03:00:00	4041.7	4042.0	4038.0	4040.5	679	0	7
2021.04.05	04:00:00	4040.5	4040.7	4038.0	4039.2	269	0	7
2021.04.05	05:00:00	4039.2	4040.0	4035.5	4035.5	364	0	7
2021.04.05	06:00:00	4035.5	4037.5	4035.5	4037.0	210	0	7
2021.04.05	07:00:00	4037.0	4037.7	4036.0	4036.0	198	0	7
2021.04.05	08:00:00	4036.0	4036.7	4033.7	4034.0	196	0	7
2021.04.05	09:00:00	4034.0	4034.2	4030.5	4034.0	378	0	7
2021.04.05	10:00:00	4034.0	4035.5	4032.7	4035.2	313	0	7
2021.04.05	11:00:00	4035.2	4039.2	4034.5	4037.7	343	0	7
2021.04.05	12:00:00	4037.7	4041.5	4036.7	4040.5	262	0	7
2021.04.05	13:00:00	4040.5	4042.5	4039.0	4041.2	362	0	7
2021.04.05	14:00:00	4041.2	4043.2	4040.2	4041.5	333	0	7
2021.04.05	15:00:00	4041.7	4047.2	4040.5	4046.5	471	0	7
2021.04.05	16:00:00	4046.5	4059.2	4045.5	4058.7	1282	0	7
2021.04.05	17:00:00	4059.0	4073.5	4055.7	4069.7	1287	0	7
2021.04.05	18:00:00	4070.0	4078.5	4068.2	4075.7	945	0	7
2021.04.05	19:00:00	4075.5	4082.9	4075.1	4076.9	640	0	7
2021.04.05	20:00:00	4076.6	4079.4	4074.4	4079.1	699	0	7
2021.04.05	21:00:00	4078.9	4081.4	4074.5	4074.5	831	0	7
2021.04.05	22:00:00	4074.5	4081.5	4070.7	4076.5	2054	0	7
2021.04.06	01:00:00	4078.5	4083.5	4077.8	4082.5	221	0	7
2021.04.06	02:00:00	4082.3	4083.5	4080.0	4080.5	392	0	7
2021.04.06	03:00:00	4080.5	4081.0	4075.0	4076.3	743	0	7
2021.04.06	04:00:00	4076.3	4077.3	4070.5	4071.0	644	0	7
2021.04.06	05:00:00	4071.3	4072.0	4069.8	4071.8	421	0	7
2021.04.06	06:00:00	4072.0	4072.8	4066.3	4069.0	429	0	7
2021.04.06	07:00:00	4069.0	4070.8	4067.8	4068.8	332	0	7
2021.04.06	08:00:00	4068.8	4070.8	4067.5	4070.5	399	0	7
2021.04.06	09:00:00	4070.3	4072.7	4067.8	4071.0	840	0	7
2021.04.06	10:00:00	4071.0	4072.2	4061.7	4068.0	1762	0	7
2021.04.06	11:00:00	4068.0	4073.5	4063.0	4069.7	1075	0	7
2021.04.06	12:00:00	4069.7	4070.7	4067.0	4068.5	641	0	7
2021.04.06	13:00:00	4068.5	4070.7	4065.7	4067.5	693	0	7
2021.04.06	14:00:00	4067.7	4072.2	4067.7	4072.0	506	0	7
2021.04.06	15:00:00	4071.9	4075.7	4067.0	4070.0	702	0	7
2021.04.06	16:00:00	4070.2	4082.0	4068.2	4080.7	1686	0	7
2021.04.06	17:00:00	4081.0	4085.0	4078.7	4081.5	1544	0	7
2021.04.06	18:00:00	4081.2	4085.5	4078.5	4085.0	1028	0	7
2021.04.06	19:00:00	4085.2	4085.2	4079.7	4081.2	833	0	7
2021.04.06	20:00:00	4081.2	4081.7	4072.0	4079.5	1335	0	7
2021.04.06	21:00:00	4079.7	4081.5	4076.2	4079.0	1023	0	7
2021.04.06	22:00:00	4079.2	4080.2	4067.5	4073.5	2164	0	7
2021.04.07	01:00:00	4074.7	4079.5	4074.7	4078.0	127	0	7
2021.04.07	02:00:00	4078.0	4080.7	4077.2	4080.5	210	0	7
2021.04.07	03:00:00	4080.5	4080.5	4076.0	4078.5	541	0	7
2021.04.07	04:00:00	4078.5	4078.7	4072.0	4072.5	634	0	7
2021.04.07	05:00:00	4072.5	4075.7	4071.2	4071.7	760	0	7
2021.04.07	06:00:00	4071.7	4075.2	4071.7	4074.5	367	0	7
2021.04.07	07:00:00	4074.5	4075.2	4074.2	4074.5	161	0	7
2021.04.07	08:00:00	4074.5	4075.2	4073.1	4075.2	354	0	7
2021.04.07	09:00:00	4075.2	4077.7	4074.2	4075.5	679	0	7
2021.04.07	10:00:00	4075.7	4079.2	4075.0	4078.2	1418	0	7
2021.04.07	11:00:00	4078.2	4078.5	4075.2	4076.0	643	0	7
2021.04.07	12:00:00	4076.2	4077.7	4071.0	4073.5	706	0	7
2021.04.07	13:00:00	4073.5	4077.2	4073.2	4075.0	658	0	7
2021.04.07	14:00:00	4075.0	4075.7	4072.5	4072.7	644	0	7
2021.04.07	15:00:00	4072.7	4074.5	4066.0	4066.2	700	0	7
2021.04.07	16:00:00	4066.5	4079.0	4066.2	4076.0	1133	0	7
2021.04.07	17:00:00	4075.7	4082.7	4073.7	4080.0	1151	0	7
2021.04.07	18:00:00	4080.0	4082.5	4069.5	4073.7	1160	0	7
2021.04.07	19:00:00	4073.7	4076.2	4067.7	4073.7	1361	0	7
2021.04.07	20:00:00	4073.5	4078.0	4072.0	4077.1	1090	0	7
2021.04.07	21:00:00	4077.1	4082.2	4076.5	4077.5	1442	0	7
2021.04.07	22:00:00	4077.7	4080.7	4071.0	4079.5	1715	0	7
2021.04.08	01:00:00	4082.6	4083.3	4082.1	4082.3	80	0	7
2021.04.08	02:00:00	4082.3	4091.3	4081.1	4088.3	448	0	7
2021.04.08	03:00:00	4088.3	4088.8	4085.6	4086.8	697	0	7
2021.04.08	04:00:00	4087.1	4093.8	4085.6	4091.1	756	0	7
2021.04.08	05:00:00	4091.1	4095.1	4090.3	4094.6	463	0	7
2021.04.08	06:00:00	4094.6	4097.3	4094.1	4096.1	263	0	7
2021.04.08	07:00:00	4096.1	4096.8	4095.3	4096.3	152	0	7
2021.04.08	08:00:00	4096.3	4101.1	4095.8	4100.3	357	0	7
2021.04.08	09:00:00	4100.3	4100.8	4095.3	4095.6	524	0	7
2021.04.08	10:00:00	4095.3	4096.3	4092.1	4092.1	859	0	7
2021.04.08	11:00:00	4092.1	4094.3	4088.6	4090.8	547	0	7
2021.04.08	12:00:00	4090.8	4092.8	4087.3	4091.1	476	0	7
2021.04.08	13:00:00	4091.1	4094.1	4090.3	4090.3	579	0	7
2021.04.08	14:00:00	4090.3	4093.8	4090.3	4092.3	484	0	7
2021.04.08	15:00:00	4092.3	4093.6	4088.3	4089.8	542	0	7
2021.04.08	16:00:00	4089.8	4092.3	4083.8	4089.6	1389	0	7
2021.04.08	17:00:00	4089.8	4091.6	4081.6	4088.1	1924	0	7
2021.04.08	18:00:00	4088.3	4092.8	4086.8	4091.1	1044	0	7
2021.04.08	19:00:00	4091.2	4096.0	4090.1	4092.3	755	0	7
2021.04.08	20:00:00	4092.3	4094.8	4090.8	4092.8	527	0	7
2021.04.08	21:00:00	4092.6	4097.1	4092.1	4096.8	395	0	7
2021.04.08	22:00:00	4096.6	4098.3	4093.3	4098.1	885	0	7
2021.04.09	01:00:00	4104.8	4105.8	4103.6	4105.6	96	0	8
2021.04.09	02:00:00	4105.6	4108.1	4104.3	4108.1	383	0	7
2021.04.09	03:00:00	4108.1	4110.8	4106.6	4110.1	540	0	7
2021.04.09	04:00:00	4110.1	4110.8	4103.3	4103.3	685	0	7
2021.04.09	05:00:00	4103.1	4103.3	4100.3	4101.3	542	0	7
2021.04.09	06:00:00	4101.1	4104.1	4100.1	4103.6	339	0	7
2021.04.09	07:00:00	4103.6	4105.3	4102.8	4104.1	167	0	8
2021.04.09	08:00:00	4104.1	4105.1	4095.6	4098.1	559	0	7
2021.04.09	09:00:00	4098.1	4101.1	4097.1	4099.1	678	0	7
2021.04.09	10:00:00	4099.3	4104.8	4096.3	4104.1	1130	0	7
2021.04.09	11:00:00	4104.1	4104.1	4098.0	4102.3	660	0	7
2021.04.09	12:00:00	4102.1	4102.8	4099.3	4102.1	478	0	7
2021.04.09	13:00:00	4102.1	4102.8	4098.1	4100.3	583	0	7
2021.04.09	14:00:00	4100.1	4106.8	4099.8	4103.3	614	0	7
2021.04.09	15:00:00	4103.3	4103.6	4092.1	4093.1	848	0	7
2021.04.09	16:00:00	4092.8	4103.3	4089.6	4103.1	1235	0	7
2021.04.09	17:00:00	4102.8	4104.8	4096.6	4098.8	1150	0	7
2021.04.09	18:00:00	4098.6	4107.1	4098.1	4106.3	1047	0	7
2021.04.09	19:00:00	4106.1	4107.8	4104.1	4107.3	478	0	7
2021.04.09	20:00:00	4107.3	4112.3	4105.8	4110.8	463	0	7
2021.04.09	21:00:00	4111.1	4112.1	4108.6	4109.8	632	0	7
2021.04.09	22:00:00	4109.6	4129.8	4107.8	4128.3	1169	0	7
2021.04.12	01:00:00	4124.6	4126.1	4120.8	4123.3	254	0	7
2021.04.12	02:00:00	4122.8	4124.1	4119.1	4119.1	803	0	7
2021.04.12	03:00:00	4119.1	4122.6	4114.6	4121.8	839	0	7
2021.04.12	04:00:00	4121.8	4123.1	4117.6	4118.1	1269	0	7
2021.04.12	05:00:00	4118.1	4118.3	4114.8	4116.1	790	0	7
2021.04.12	06:00:00	4116.1	4117.3	4115.1	4116.6	455	0	7
2021.04.12	07:00:00	4116.8	4117.8	4114.6	4114.8	293	0	7
2021.04.12	08:00:00	4114.8	4116.8	4113.1	4115.1	471	0	7
2021.04.12	09:00:00	4115.1	4121.1	4114.1	4120.1	725	0	7
2021.04.12	10:00:00	4120.1	4121.3	4116.1	4117.3	1341	0	7
2021.04.12	11:00:00	4117.3	4120.3	4116.1	4119.1	668	0	7
2021.04.12	12:00:00	4119.1	4122.6	4118.8	4122.1	451	0	7
2021.04.12	15:00:00	4121.1	4123.6	4119.8	4122.3	417	0	7
2021.04.12	16:00:00	4122.3	4127.6	4117.1	4121.3	1314	0	7
2021.04.12	17:00:00	4121.1	4124.6	4114.6	4119.8	1668	0	7
2021.04.12	18:00:00	4119.8	4124.3	4118.6	4124.1	1264	0	7
2021.04.12	19:00:00	4124.3	4130.6	4120.8	4129.3	806	0	7
2021.04.12	20:00:00	4129.6	4130.1	4119.1	4120.1	692	0	7
2021.04.12	21:00:00	4119.8	4123.8	4119.1	4121.1	1086	0	7
2021.04.12	22:00:00	4121.1	4132.1	4118.1	4129.3	1434	0	7
2021.04.13	01:00:00	4129.3	4129.8	4129.1	4129.3	106	0	7
2021.04.13	02:00:00	4129.3	4132.1	4128.1	4130.1	306	0	7
2021.04.13	03:00:00	4130.1	4131.3	4128.3	4129.6	607	0	7
2021.04.13	04:00:00	4129.6	4131.3	4127.8	4128.3	796	0	7
2021.04.13	05:00:00	4128.3	4130.8	4128.3	4130.1	624	0	7
2021.04.13	06:00:00	4130.1	4131.3	4128.3	4128.8	317	0	7
2021.04.13	07:00:00	4128.8	4128.8	4124.6	4125.8	309	0	7
2021.04.13	08:00:00	4125.8	4125.8	4122.1	4125.1	580	0	7
2021.04.13	09:00:00	4125.1	4127.9	4123.6	4127.1	651	0	7
2021.04.13	10:00:00	4127.1	4131.1	4126.9	4131.1	712	0	7
2021.04.13	11:00:00	4131.1	4132.4	4129.4	4130.1	336	0	7
2021.04.13	12:00:00	4130.1	4135.4	4129.1	4135.1	354	0	7
2021.04.13	13:00:00	4135.4	4135.6	4124.4	4125.9	539	0	7
2021.04.13	14:00:00	4125.9	4125.9	4110.1	4117.6	1904	0	7
2021.04.13	15:00:00	4117.6	4131.1	4116.0	4131.1	1236	0	7
2021.04.13	16:00:00	4131.4	4132.4	4124.4	4131.1	1517	0	7
2021.04.13	17:00:00	4131.1	4135.1	4130.4	4131.4	1474	0	7
2021.04.13	18:00:00	4131.1	4135.1	4130.6	4133.9	1159	0	7
2021.04.13	19:00:00	4134.1	4134.9	4129.4	4129.6	745	0	7
2021.04.13	20:00:00	4129.4	4135.6	4128.6	4134.9	710	0	7
2021.04.13	21:00:00	4135.1	4144.4	4134.6	4143.4	886	0	7
2021.04.13	22:00:00	4143.6	4148.4	4140.4	4141.6	1307	0	7
2021.04.14	01:00:00	4140.9	4141.4	4139.9	4140.4	185	0	7
2021.04.14	02:00:00	4140.4	4140.6	4138.6	4138.9	284	0	7
2021.04.14	03:00:00	4139.1	4141.9	4138.4	4139.1	429	0	7
2021.04.14	04:00:00	4139.1	4143.4	4138.6	4142.1	732	0	7
2021.04.14	05:00:00	4142.1	4142.9	4138.6	4139.9	674	0	7
2021.04.14	06:00:00	4139.9	4140.6	4138.9	4140.4	354	0	7
2021.04.14	07:00:00	4140.4	4144.4	4140.4	4143.6	216	0	7
2021.04.14	08:00:00	4143.6	4145.9	4142.9	4145.6	413	0	7
2021.04.14	09:00:00	4145.9	4145.9	4141.1	4143.6	611	0	7
2021.04.14	10:00:00	4143.6	4146.1	4141.4	4142.1	1289	0	7
2021.04.14	11:00:00	4142.1	4147.1	4141.6	4146.4	525	0	7
2021.04.14	12:00:00	4146.6	4146.9	4145.4	4145.6	330	0	7
2021.04.14	13:00:00	4145.6	4145.6	4141.9	4142.6	306	0	7
2021.04.14	14:00:00	4142.6	4146.9	4142.4	4145.9	342	0	7
2021.04.14	15:00:00	4145.9	4146.4	4139.1	4139.9	267	0	5
2021.04.14	16:00:00	4139.6	4150.6	4137.9	4150.6	1021	0	6
2021.04.14	17:00:00	4150.6	4151.9	4144.4	4146.6	1823	0	7
2021.04.14	18:00:00	4146.4	4148.1	4139.9	4146.6	1381	0	7
2021.04.14	19:00:00	4146.4	4148.1	4141.4	4147.1	1283	0	7
2021.04.14	20:00:00	4146.9	4147.4	4131.4	4133.6	1047	0	7
2021.04.14	21:00:00	4133.4	4138.4	4124.4	4126.1	2478	0	7
2021.04.14	22:00:00	4125.6	4133.6	4121.4	4128.4	2901	0	7
2021.04.15	01:00:00	4134.4	4134.6	4131.4	4132.9	123	0	7
2021.04.15	02:00:00	4132.9	4133.4	4129.9	4131.4	260	0	7
2021.04.15	03:00:00	4131.4	4135.6	4130.9	4133.6	581	0	7
2021.04.15	04:00:00	4133.6	4135.1	4127.9	4130.6	932	0	7
2021.04.15	05:00:00	4130.6	4131.6	4128.4	4128.6	781	0	7
2021.04.15	06:00:00	4128.6	4131.4	4128.1	4130.9	489	0	7
2021.04.15	07:00:00	4131.1	4133.6	4130.9	4132.1	243	0	7
2021.04.15	08:00:00	4132.1	4135.6	4131.9	4134.6	485	0	7
2021.04.15	09:00:00	4134.6	4139.6	4133.9	4139.6	513	0	7
2021.04.15	10:00:00	4139.6	4146.3	4138.1	4145.1	779	0	7
2021.04.15	11:00:00	4145.3	4146.9	4143.4	4145.9	428	0	7
2021.04.15	12:00:00	4145.9	4147.2	4144.2	4144.9	367	0	7
2021.04.15	13:00:00	4144.9	4147.9	4143.4	4147.7	261	0	7
2021.04.15	14:00:00	4147.4	4149.9	4143.9	4149.9	291	0	7
2021.04.15	15:00:00	4149.8	4154.4	4149.2	4150.9	793	0	7
2021.04.15	16:00:00	4150.7	4156.4	4147.9	4152.4	1380	0	7
2021.04.15	17:00:00	4152.7	4164.7	4150.4	4162.2	1408	0	7
2021.04.15	18:00:00	4162.2	4167.7	4158.4	4161.2	946	0	7
2021.04.15	19:00:00	4161.2	4169.9	4160.2	4169.4	527	0	7
2021.04.15	20:00:00	4169.7	4170.2	4164.2	4167.4	787	0	7
2021.04.15	21:00:00	4167.7	4171.2	4165.2	4166.7	1096	0	7
2021.04.15	22:00:00	4166.9	4175.2	4162.4	4171.7	1578	0	7
2021.04.16	01:00:00	4171.7	4171.7	4170.7	4171.2	69	0	7
2021.04.16	02:00:00	4171.2	4172.7	4171.2	4171.4	233	0	7
2021.04.16	03:00:00	4171.4	4171.4	4164.7	4165.7	569	0	7
2021.04.16	04:00:00	4165.7	4166.7	4163.7	4165.9	637	0	7
2021.04.16	05:00:00	4165.7	4166.2	4162.9	4164.2	557	0	7
2021.04.16	06:00:00	4164.2	4165.9	4163.7	4164.2	328	0	7
2021.04.16	07:00:00	4164.2	4167.4	4163.9	4167.4	220	0	7
2021.04.16	08:00:00	4167.4	4168.9	4165.2	4167.4	398	0	7
2021.04.16	09:00:00	4167.4	4167.4	4163.4	4164.7	562	0	7
2021.04.16	10:00:00	4164.7	4171.2	4162.9	4167.4	847	0	7
2021.04.16	11:00:00	4167.4	4169.2	4165.4	4169.2	420	0	7
2021.04.16	12:00:00	4169.2	4176.1	4167.9	4173.9	808	0	7
2021.04.16	13:00:00	4173.7	4174.9	4172.7	4173.4	481	0	7
2021.04.16	14:00:00	4173.4	4177.9	4172.9	4177.9	311	0	7
2021.04.16	15:00:00	4177.9	4181.9	4177.2	4181.7	520	0	7
2021.04.16	16:00:00	4181.7	4186.9	4172.2	4173.9	1760	0	7
2021.04.16	17:00:00	4173.7	4182.9	4170.4	4179.4	1894	0	7
2021.04.16	18:00:00	4179.4	4183.2	4175.2	4177.2	1512	0	7
2021.04.16	19:00:00	4177.4	4181.9	4177.4	4179.2	856	0	7
2021.04.16	20:00:00	4179.2	4180.9	4177.4	4177.9	639	0	7
2021.04.16	21:00:00	4178.2	4187.9	4177.2	4187.4	684	0	7
2021.04.16	22:00:00	4187.7	4191.9	4183.7	4186.2	1408	0	7
2021.04.19	01:00:00	4175.2	4177.2	4175.2	4176.7	89	0	8
2021.04.19	02:00:00	4176.7	4177.2	4172.9	4172.9	309	0	7
2021.04.19	03:00:00	4172.9	4175.4	4169.4	4174.4	580	0	7
2021.04.19	04:00:00	4174.4	4176.9	4171.2	4176.2	885	0	7
2021.04.19	05:00:00	4175.9	4178.7	4175.4	4177.7	706	0	7
2021.04.19	06:00:00	4177.7	4180.2	4177.4	4178.4	337	0	7
2021.04.19	07:00:00	4178.4	4180.7	4177.9	4179.2	191	0	7
2021.04.19	08:00:00	4179.2	4180.4	4176.7	4178.9	377	0	7
2021.04.19	09:00:00	4178.9	4178.9	4174.7	4176.9	587	0	7
2021.04.19	10:00:00	4176.7	4181.2	4176.6	4179.7	808	0	7
2021.04.19	11:00:00	4179.9	4183.2	4179.9	4180.7	349	0	7
2021.04.19	12:00:00	4180.7	4180.9	4175.9	4177.9	357	0	7
2021.04.19	13:00:00	4177.9	4179.4	4171.9	4175.4	484	0	4
2021.04.19	14:00:00	4175.7	4177.4	4173.4	4174.2	597	0	7
2021.04.19	15:00:00	4174.4	4177.4	4172.7	4176.9	532	0	7
2021.04.19	16:00:00	4176.7	4179.9	4172.4	4178.9	1321	0	7
2021.04.19	17:00:00	4178.4	4179.2	4156.2	4165.9	2928	0	7
2021.04.19	18:00:00	4165.9	4169.7	4154.9	4161.2	2951	0	7
2021.04.19	19:00:00	4160.7	4165.2	4150.7	4154.7	2637	0	7
2021.04.19	20:00:00	4154.7	4163.4	4153.2	4159.4	1720	0	7
2021.04.19	21:00:00	4159.4	4163.7	4156.4	4163.4	1898	0	7
2021.04.19	22:00:00	4163.2	4166.4	4154.2	4166.4	2232	0	7
2021.04.20	01:00:00	4167.2	4168.4	4167.2	4167.9	141	0	7
2021.04.20	02:00:00	4167.9	4170.9	4165.7	4170.4	389	0	7
2021.04.20	03:00:00	4170.4	4172.2	4168.4	4169.2	570	0	7
2021.04.20	04:00:00	4169.2	4173.4	4168.4	4172.2	940	0	7
2021.04.20	05:00:00	4172.2	4173.2	4170.7	4171.9	724	0	7
2021.04.20	06:00:00	4171.9	4175.2	4171.7	4172.7	510	0	7
2021.04.20	07:00:00	4172.7	4172.7	4170.7	4172.2	302	0	7
2021.04.20	08:00:00	4172.2	4174.7	4171.9	4174.4	603	0	7
2021.04.20	09:00:00	4174.4	4175.7	4168.9	4169.4	655	0	7
2021.04.20	10:00:00	4169.4	4173.9	4168.9	4169.2	923	0	7
2021.04.20	11:00:00	4169.2	4169.9	4162.2	4163.4	984	0	7
2021.04.20	12:00:00	4163.4	4163.9	4145.2	4148.7	1666	0	7
2021.04.20	13:00:00	4148.7	4150.4	4139.7	4147.9	1569	0	7
2021.04.20	14:00:00	4147.9	4149.9	4144.7	4148.7	1000	0	7
2021.04.20	15:00:00	4148.7	4150.2	4145.7	4148.7	614	0	7
2021.04.20	16:00:00	4148.9	4159.7	4148.7	4156.4	1961	0	7
2021.04.20	17:00:00	4156.2	4158.4	4130.7	4136.4	3622	0	7
2021.04.20	18:00:00	4136.2	4137.9	4119.2	4127.4	3585	0	7
2021.04.20	19:00:00	4127.2	4136.9	4125.9	4133.2	1705	0	7
2021.04.20	20:00:00	4132.9	4133.4	4124.9	4131.9	1961	0	7
2021.04.20	21:00:00	4131.7	4133.9	4119.4	4121.2	1369	0	7
2021.04.20	22:00:00	4121.4	4139.4	4121.4	4135.9	1702	0	7
2021.04.21	01:00:00	4131.7	4133.4	4130.7	4132.4	108	0	7
2021.04.21	02:00:00	4132.4	4132.9	4129.2	4130.9	439	0	7
2021.04.21	03:00:00	4130.9	4133.7	4128.2	4131.7	803	0	7
2021.04.21	04:00:00	4131.7	4132.2	4126.2	4126.4	972	0	7
2021.04.21	05:00:00	4126.4	4126.4	4121.7	4125.4	1006	0	7
2021.04.21	06:00:00	4125.4	4128.2	4123.9	4127.7	615	0	7
2021.04.21	07:00:00	4127.7	4129.4	4125.9	4128.2	504	0	7
2021.04.21	08:00:00	4128.2	4129.2	4123.7	4127.7	697	0	7
2021.04.21	09:00:00	4127.8	4136.7	4126.7	4135.4	731	0	7
2021.04.21	10:00:00	4135.4	4138.4	4133.7	4138.2	1553	0	7
2021.04.21	11:00:00	4138.2	4138.4	4132.7	4134.2	688	0	7
2021.04.21	12:00:00	4134.2	4136.7	4130.4	4133.4	719	0	7
2021.04.21	13:00:00	4133.4	4140.4	4131.2	4140.2	838	0	7
2021.04.21	14:00:00	4140.7	4140.7	4132.7	4133.7	534	0	7
2021.04.21	15:00:00	4133.7	4134.2	4123.4	4127.4	674	0	7
2021.04.21	16:00:00	4127.4	4146.9	4125.9	4146.9	2338	0	7
2021.04.21	17:00:00	4146.9	4153.7	4142.7	4150.4	2542	0	7
2021.04.21	18:00:00	4150.4	4161.9	4148.9	4161.7	1372	0	7
2021.04.21	19:00:00	4161.7	4161.9	4156.4	4157.4	773	0	7
2021.04.21	20:00:00	4157.4	4161.9	4157.2	4161.7	797	0	7
2021.04.21	21:00:00	4161.9	4165.2	4160.4	4162.2	636	0	7
2021.04.21	22:00:00	4161.9	4175.4	4160.9	4174.2	1323	0	7
2021.04.22	01:00:00	4165.4	4165.4	4163.1	4164.1	161	0	7
2021.04.22	02:00:00	4164.1	4166.1	4162.4	4163.1	331	0	7
2021.04.22	03:00:00	4163.1	4165.6	4161.6	4163.9	649	0	7
2021.04.22	04:00:00	4163.9	4168.4	4162.4	4163.9	1120	0	7
2021.04.22	05:00:00	4163.6	4170.5	4163.4	4168.1	766	0	7
2021.04.22	06:00:00	4168.1	4169.9	4166.4	4167.4	443	0	7
2021.04.22	07:00:00	4167.4	4170.1	4165.9	4170.1	407	0	7
2021.04.22	08:00:00	4170.1	4171.9	4167.6	4171.6	790	0	7
2021.04.22	09:00:00	4171.6	4175.1	4170.1	4170.4	646	0	7
2021.04.22	10:00:00	4170.4	4173.4	4168.6	4169.1	1050	0	7
2021.04.22	11:00:00	4168.9	4173.1	4168.1	4168.6	605	0	7
2021.04.22	12:00:00	4168.6	4171.6	4167.6	4171.4	549	0	7
2021.04.22	13:00:00	4171.4	4171.9	4166.6	4168.1	612	0	7
2021.04.22	14:00:00	4168.1	4169.9	4166.9	4167.4	530	0	7
2021.04.22	15:00:00	4168.4	4174.1	4167.4	4171.1	612	0	7
2021.04.22	16:00:00	4170.9	4174.4	4159.9	4165.1	1509	0	7
2021.04.22	17:00:00	4164.9	4173.9	4157.6	4170.9	2571	0	7
2021.04.22	18:00:00	4171.1	4176.6	4169.4	4173.1	1244	0	7
2021.04.22	19:00:00	4173.4	4179.6	4169.9	4179.6	833	0	7
2021.04.22	20:00:00	4179.6	4179.9	4127.1	4130.6	6146	0	7
2021.04.22	21:00:00	4130.4	4146.6	4123.6	4142.1	3773	0	7
2021.04.22	22:00:00	4142.6	4146.6	4129.9	4136.4	3559	0	7
2021.04.23	01:00:00	4137.4	4140.9	4137.1	4139.9	162	0	7
2021.04.23	02:00:00	4139.9	4140.9	4136.4	4138.1	382	0	7
2021.04.23	03:00:00	4138.1	4141.9	4136.1	4141.1	724	0	7
2021.04.23	04:00:00	4140.9	4145.1	4139.6	4143.6	931	0	7
2021.04.23	05:00:00	4143.9	4145.1	4141.6	4143.4	667	0	7
2021.04.23	06:00:00	4143.4	4145.9	4143.1	4144.1	351	0	7
2021.04.23	07:00:00	4144.1	4145.1	4142.1	4143.4	305	0	7
2021.04.23	08:00:00	4143.4	4144.6	4140.4	4143.6	433	0	7
2021.04.23	09:00:00	4143.6	4144.4	4135.9	4138.6	761	0	7
2021.04.23	10:00:00	4138.6	4149.6	4138.6	4149.1	1575	0	7
2021.04.23	11:00:00	4149.1	4149.3	4144.1	4146.6	613	0	7
2021.04.23	12:00:00	4146.6	4146.6	4142.9	4144.4	497	0	7
2021.04.23	13:00:00	4144.6	4147.4	4143.6	4145.6	440	0	7
2021.04.23	14:00:00	4145.9	4147.1	4142.1	4143.1	525	0	7
2021.04.23	15:00:00	4143.1	4145.1	4137.6	4139.4	854	0	7
2021.04.23	16:00:00	4139.6	4154.1	4138.9	4154.0	1858	0	7
2021.04.23	17:00:00	4154.1	4172.6	4153.1	4172.1	2008	0	7
2021.04.23	18:00:00	4172.1	4177.1	4168.6	4174.9	1367	0	7
2021.04.23	19:00:00	4175.1	4185.1	4175.1	4183.4	784	0	7
2021.04.23	20:00:00	4183.6	4186.1	4181.4	4182.6	609	0	7
2021.04.23	21:00:00	4182.6	4187.9	4179.9	4185.9	730	0	7
2021.04.23	22:00:00	4185.9	4194.9	4178.9	4179.4	1416	0	7
2021.04.26	01:00:00	4179.2	4181.0	4178.5	4178.5	170	0	4
2021.04.26	02:00:00	4178.5	4179.7	4174.5	4175.0	391	0	7
2021.04.26	03:00:00	4175.2	4179.7	4173.0	4178.2	631	0	7
2021.04.26	04:00:00	4178.2	4182.2	4176.0	4181.2	938	0	7
2021.04.26	05:00:00	4181.5	4184.0	4181.2	4183.2	540	0	7
2021.04.26	06:00:00	4183.2	4184.0	4182.0	4182.7	325	0	7
2021.04.26	07:00:00	4182.7	4184.2	4182.5	4183.7	252	0	7
2021.04.26	08:00:00	4183.7	4184.0	4180.5	4180.7	466	0	7
2021.04.26	09:00:00	4180.7	4182.2	4180.2	4181.5	469	0	7
2021.04.26	10:00:00	4181.7	4183.5	4178.5	4179.5	966	0	7
2021.04.26	11:00:00	4179.7	4180.5	4173.7	4175.2	846	0	7
2021.04.26	12:00:00	4175.2	4178.0	4174.4	4175.2	593	0	7
2021.04.26	13:00:00	4175.2	4177.0	4172.2	4174.5	798	0	7
2021.04.26	14:00:00	4174.5	4179.5	4173.2	4179.2	565	0	7
2021.04.26	15:00:00	4179.2	4182.2	4178.2	4180.5	473	0	7
2021.04.26	16:00:00	4180.2	4191.7	4180.2	4189.2	1393	0	7
2021.04.26	17:00:00	4189.0	4193.7	4188.5	4189.7	1747	0	7
2021.04.26	18:00:00	4189.7	4193.5	4188.5	4189.0	810	0	7
2021.04.26	19:00:00	4189.2	4190.2	4185.2	4188.2	823	0	7
2021.04.26	20:00:00	4188.5	4189.5	4185.2	4189.2	924	0	7
2021.04.26	21:00:00	4189.5	4193.2	4189.2	4193.0	494	0	7
2021.04.26	22:00:00	4193.2	4194.2	4181.7	4189.2	1772	0	7
2021.04.27	01:00:00	4190.5	4190.5	4188.5	4188.7	85	0	7
2021.04.27	02:00:00	4189.0	4193.0	4187.7	4191.7	401	0	7
2021.04.27	03:00:00	4191.7	4191.7	4187.2	4189.5	556	0	7
2021.04.27	04:00:00	4189.5	4191.0	4188.0	4190.7	769	0	7
2021.04.27	05:00:00	4190.7	4191.5	4188.7	4189.5	502	0	7
2021.04.27	06:00:00	4189.5	4191.5	4188.2	4190.5	313	0	7
2021.04.27	07:00:00	4190.5	4191.7	4190.5	4191.2	175	0	7
2021.04.27	08:00:00	4191.2	4199.2	4191.2	4197.2	460	0	7
2021.04.27	09:00:00	4197.2	4198.0	4192.5	4194.2	407	0	7
2021.04.27	10:00:00	4194.2	4194.5	4192.0	4193.2	673	0	7
2021.04.27	11:00:00	4193.2	4195.0	4190.5	4193.0	591	0	7
2021.04.27	12:00:00	4193.0	4193.5	4184.5	4187.0	643	0	7
2021.04.27	13:00:00	4187.0	4192.5	4186.5	4192.0	515	0	7
2021.04.27	14:00:00	4192.0	4193.2	4190.2	4191.5	370	0	7
2021.04.27	15:00:00	4191.2	4193.7	4189.7	4190.0	341	0	7
2021.04.27	16:00:00	4190.0	4192.0	4179.7	4180.5	1732	0	7
2021.04.27	17:00:00	4180.5	4185.5	4175.2	4183.7	2939	0	7
2021.04.27	18:00:00	4183.2	4188.5	4181.5	4187.5	1145	0	7
2021.04.27	19:00:00	4187.7	4189.2	4182.0	4183.2	813	0	7
2021.04.27	20:00:00	4183.0	4187.7	4182.7	4186.2	938	0	7
2021.04.27	21:00:00	4186.5	4190.0	4183.0	4188.2	883	0	7
2021.04.27	22:00:00	4187.7	4193.5	4184.7	4186.7	1367	0	7
2021.04.28	01:00:00	4190.0	4190.0	4189.0	4189.7	78	0	7
2021.04.28	02:00:00	4189.7	4191.7	4188.5	4188.5	252	0	7
2021.04.28	03:00:00	4188.7	4190.2	4187.0	4188.5	438	0	7
2021.04.28	04:00:00	4188.5	4192.5	4187.5	4192.2	591	0	7
2021.04.28	05:00:00	4192.2	4193.2	4191.5	4192.0	284	0	7
2021.04.28	06:00:00	4192.0	4193.2	4191.5	4192.7	226	0	7
2021.04.28	07:00:00	4192.7	4193.2	4192.2	4192.5	84	0	8
2021.04.28	08:00:00	4192.2	4193.5	4191.0	4191.2	246	0	7
2021.04.28	09:00:00	4191.2	4193.2	4190.5	4192.7	332	0	7
2021.04.28	10:00:00	4192.5	4194.2	4185.2	4188.0	971	0	7
2021.04.28	11:00:00	4188.0	4191.0	4186.2	4190.5	552	0	7
2021.04.28	12:00:00	4190.5	4191.7	4187.7	4190.5	522	0	7
2021.04.28	13:00:00	4190.5	4192.5	4189.0	4190.7	369	0	7
2021.04.28	14:00:00	4190.7	4193.0	4184.0	4187.0	573	0	7
2021.04.28	15:00:00	4187.0	4189.0	4186.0	4189.0	419	0	7
2021.04.28	16:00:00	4189.2	4196.0	4185.2	4195.7	1423	0	7
2021.04.28	17:00:00	4195.7	4196.5	4189.5	4192.5	1342	0	7
2021.04.28	18:00:00	4192.2	4193.0	4184.2	4185.2	1277	0	7
2021.04.28	19:00:00	4185.0	4190.7	4183.5	4190.0	775	0	7
2021.04.28	20:00:00	4190.0	4190.2	4183.6	4185.2	661	0	7
2021.04.28	21:00:00	4185.1	4202.2	4181.5	4195.2	3298	0	7
2021.04.28	22:00:00	4195.5	4197.5	4182.7	4186.0	3215	0	7
2021.04.29	01:00:00	4194.5	4194.8	4193.0	4194.8	140	0	7
2021.04.29	02:00:00	4194.8	4197.3	4193.8	4196.8	192	0	7
2021.04.29	03:00:00	4196.8	4202.5	4196.0	4201.3	384	0	7
2021.04.29	04:00:00	4201.3	4211.0	4200.5	4209.5	614	0	7
2021.04.29	05:00:00	4209.5	4209.8	4207.3	4208.0	440	0	7
2021.04.29	06:00:00	4208.0	4208.3	4206.3	4206.8	255	0	7
2021.04.29	07:00:00	4206.8	4209.8	4206.5	4206.8	221	0	7
2021.04.29	08:00:00	4206.8	4208.8	4206.3	4207.8	358	0	7
2021.04.29	09:00:00	4207.8	4209.3	4206.3	4209.3	421	0	7
2021.04.29	10:00:00	4209.5	4210.8	4207.0	4210.3	847	0	7
2021.04.29	11:00:00	4210.3	4214.8	4210.3	4211.5	593	0	7
2021.04.29	12:00:00	4211.7	4212.5	4210.0	4211.8	405	0	7
2021.04.29	13:00:00	4211.5	4215.8	4211.3	4212.8	421	0	7
2021.04.29	14:00:00	4212.8	4215.1	4211.6	4212.1	349	0	7
2021.04.29	15:00:00	4211.9	4216.6	4211.6	4216.4	582	0	7
2021.04.29	16:00:00	4216.1	4219.0	4206.9	4207.4	1929	0	7
2021.04.29	17:00:00	4207.4	4207.6	4187.4	4194.4	3565	0	7
2021.04.29	18:00:00	4194.4	4200.6	4185.9	4187.4	1958	0	7
2021.04.29	19:00:00	4187.6	4194.4	4176.4	4193.1	2633	0	7
2021.04.29	20:00:00	4193.1	4200.1	4189.9	4198.1	1650	0	7
2021.04.29	21:00:00	4197.9	4217.1	4197.6	4212.4	1264	0	7
2021.04.29	22:00:00	4212.6	4216.9	4207.1	4212.1	2066	0	7
2021.04.30	01:00:00	4207.3	4207.3	4205.6	4206.8	248	0	7
2021.04.30	02:00:00	4206.8	4208.3	4202.1	4204.8	473	0	7
2021.04.30	03:00:00	4204.8	4206.6	4201.8	4203.6	695	0	7
2021.04.30	04:00:00	4203.8	4204.1	4200.8	4201.6	740	0	7
2021.04.30	05:00:00	4201.3	4201.6	4197.6	4198.8	440	0	7
2021.04.30	06:00:00	4198.8	4200.3	4196.6	4200.1	509	0	7
2021.04.30	07:00:00	4200.1	4201.8	4198.3	4198.8	268	0	7
2021.04.30	08:00:00	4198.8	4199.8	4194.1	4195.6	497	0	7
2021.04.30	09:00:00	4195.6	4201.6	4195.3	4201.3	619	0	7
2021.04.30	10:00:00	4201.3	4204.1	4200.1	4201.8	950	0	7
2021.04.30	11:00:00	4201.8	4202.1	4196.8	4199.3	591	0	7
2021.04.30	12:00:00	4199.3	4201.6	4195.1	4195.8	646	0	7
2021.04.30	13:00:00	4195.8	4196.1	4183.1	4186.3	1050	0	7
2021.04.30	14:00:00	4186.3	4191.1	4184.6	4191.1	528	0	7
2021.04.30	15:00:00	4190.8	4193.3	4182.3	4190.6	805	0	7
2021.04.30	16:00:00	4190.8	4196.6	4184.8	4196.3	2014	0	7
2021.04.30	17:00:00	4196.3	4197.1	4184.8	4187.0	3106	0	7
2021.04.30	18:00:00	4187.3	4189.1	4178.8	4188.1	2872	0	7
2021.04.30	19:00:00	4187.8	4190.6	4182.6	4186.3	1733	0	7
2021.04.30	20:00:00	4186.1	4190.6	4175.6	4178.3	1789	0	7
2021.04.30	21:00:00	4178.1	4186.6	4176.6	4182.3	1843	0	7
2021.04.30	22:00:00	4182.3	4187.6	4175.3	4184.8	2944	0	7
2021.05.03	01:00:00	4194.7	4195.9	4193.4	4194.7	203	0	7
2021.05.03	02:00:00	4194.7	4196.4	4194.4	4195.9	302	0	7
2021.05.03	03:00:00	4195.9	4202.2	4195.4	4201.4	529	0	7
2021.05.03	04:00:00	4201.4	4202.2	4195.7	4196.4	636	0	7
2021.05.03	05:00:00	4196.4	4196.4	4193.2	4194.9	632	0	7
2021.05.03	06:00:00	4194.9	4196.9	4194.7	4196.4	354	0	7
2021.05.03	07:00:00	4196.4	4196.4	4194.2	4195.7	206	0	7
2021.05.03	08:00:00	4195.4	4195.7	4191.2	4191.7	300	0	7
2021.05.03	09:00:00	4191.9	4196.4	4190.7	4196.2	373	0	7
2021.05.03	10:00:00	4196.2	4206.4	4196.2	4204.4	772	0	7
2021.05.03	11:00:00	4204.4	4204.7	4200.4	4201.7	429	0	7
2021.05.03	12:00:00	4201.7	4202.4	4191.2	4193.9	465	0	7
2021.05.03	13:00:00	4195.4	4206.2	4195.4	4202.2	607	0	7
2021.05.03	14:00:00	4202.4	4206.7	4202.2	4203.2	543	0	7
2021.05.03	15:00:00	4203.4	4205.9	4200.4	4200.4	571	0	7
2021.05.03	16:00:00	4200.4	4210.4	4198.2	4209.4	1503	0	7
2021.05.03	17:00:00	4200.7	4209.4	4198.2	4200.2	2893	0	7
2021.05.03	18:00:00	4200.2	4201.7	4193.7	4200.2	2436	0	7
2021.05.03	19:00:00	4199.9	4200.2	4193.9	4196.7	1710	0	7
2021.05.03	20:00:00	4196.9	4199.2	4194.9	4197.9	1259	0	7
2021.05.03	21:00:00	4198.2	4204.7	4197.9	4203.2	971	0	7
2021.05.03	22:00:00	4203.4	4203.4	4189.2	4193.4	1595	0	7
2021.05.04	01:00:00	4191.7	4192.4	4191.2	4191.7	62	0	8
2021.05.04	02:00:00	4191.7	4191.9	4186.9	4187.9	282	0	7
2021.05.04	03:00:00	4187.9	4189.7	4185.2	4186.9	499	0	7
2021.05.04	04:00:00	4186.7	4186.9	4180.4	4180.9	697	0	7
2021.05.04	05:00:00	4180.9	4183.2	4179.2	4182.9	611	0	7
2021.05.04	06:00:00	4182.7	4183.9	4180.2	4182.9	274	0	7
2021.05.04	07:00:00	4182.9	4183.7	4181.7	4183.2	245	0	7
2021.05.04	08:00:00	4183.2	4186.2	4182.7	4185.7	457	0	7
2021.05.04	09:00:00	4185.7	4188.4	4185.2	4187.7	416	0	7
2021.05.04	10:00:00	4187.7	4192.7	4181.4	4184.7	1112	0	7
2021.05.04	11:00:00	4184.7	4189.7	4181.9	4185.9	1076	0	7
2021.05.04	12:00:00	4185.7	4190.9	4183.9	4190.2	736	0	7
2021.05.04	13:00:00	4190.2	4192.2	4187.7	4189.9	766	0	7
2021.05.04	14:00:00	4189.9	4191.7	4169.9	4177.2	1681	0	7
2021.05.04	15:00:00	4176.9	4177.4	4165.4	4171.4	1653	0	7
2021.05.04	16:00:00	4171.4	4178.2	4149.7	4150.9	3253	0	7
2021.05.04	17:00:00	4150.7	4157.7	4143.9	4144.7	4782	0	7
2021.05.04	18:00:00	4144.4	4149.4	4128.7	4133.2	3344	0	7
2021.05.04	19:00:00	4133.2	4146.9	4131.7	4139.7	2539	0	7
2021.05.04	20:00:00	4139.4	4151.4	4137.9	4146.8	2395	0	7
2021.05.04	21:00:00	4146.9	4155.7	4143.7	4152.4	2128	0	7
2021.05.04	22:00:00	4152.7	4168.7	4146.7	4168.7	3098	0	7
2021.05.05	01:00:00	4164.9	4166.9	4163.4	4165.7	152	0	7
2021.05.05	02:00:00	4165.7	4167.9	4164.4	4167.7	309	0	7
2021.05.05	03:00:00	4167.7	4175.7	4167.2	4174.4	516	0	7
2021.05.05	04:00:00	4174.4	4180.4	4173.2	4179.4	515	0	7
2021.05.05	05:00:00	4179.4	4180.4	4176.9	4178.7	505	0	7
2021.05.05	06:00:00	4178.7	4179.9	4177.9	4178.7	299	0	7
2021.05.05	07:00:00	4178.7	4179.2	4177.7	4178.7	216	0	7
2021.05.05	08:00:00	4178.7	4179.2	4169.9	4174.9	573	0	7
2021.05.05	09:00:00	4175.2	4177.4	4171.2	4172.7	742	0	7
2021.05.05	10:00:00	4172.7	4180.7	4171.4	4178.4	1480	0	7
2021.05.05	11:00:00	4178.4	4183.4	4176.4	4180.2	822	0	7
2021.05.05	12:00:00	4180.2	4183.7	4180.2	4180.9	487	0	7
2021.05.05	13:00:00	4180.9	4184.7	4180.2	4181.2	396	0	7
2021.05.05	14:00:00	4181.2	4183.2	4177.7	4181.4	455	0	7
2021.05.05	15:00:00	4181.4	4186.4	4179.9	4182.9	804	0	7
2021.05.05	16:00:00	4182.9	4186.7	4174.4	4177.6	2254	0	1
2021.05.05	17:00:00	4177.7	4178.4	4161.2	4175.7	3112	0	7
2021.05.05	18:00:00	4175.7	4187.4	4173.2	4187.4	1446	0	7
2021.05.05	19:00:00	4187.7	4187.9	4177.8	4178.3	996	0	7
2021.05.05	20:00:00	4178.5	4183.0	4175.3	4180.8	1106	0	7
2021.05.05	21:00:00	4181.0	4184.0	4176.3	4178.8	1393	0	7
2021.05.05	22:00:00	4179.0	4180.0	4163.3	4169.0	2939	0	7
2021.05.06	01:00:00	4164.4	4166.2	4162.9	4163.2	185	0	7
2021.05.06	02:00:00	4163.4	4168.7	4163.2	4168.2	598	0	7
2021.05.06	03:00:00	4168.2	4172.2	4166.7	4170.4	825	0	7
2021.05.06	04:00:00	4170.4	4175.4	4170.2	4174.2	904	0	7
2021.05.06	05:00:00	4174.2	4174.7	4160.2	4163.4	1010	0	7
2021.05.06	06:00:00	4163.2	4165.2	4161.7	4164.4	926	0	7
2021.05.06	07:00:00	4164.3	4165.7	4162.4	4164.4	504	0	7
2021.05.06	08:00:00	4164.4	4171.7	4164.4	4170.9	775	0	7
2021.05.06	09:00:00	4170.9	4173.9	4168.6	4172.9	703	0	7
2021.05.06	10:00:00	4172.9	4182.2	4171.9	4175.7	1498	0	7
2021.05.06	11:00:00	4175.4	4178.9	4169.7	4172.4	1023	0	7
2021.05.06	12:00:00	4172.4	4176.2	4164.4	4170.4	1301	0	7
2021.05.06	13:00:00	4170.4	4176.4	4169.9	4170.2	1020	0	7
2021.05.06	14:00:00	4169.7	4174.6	4168.4	4170.9	1130	0	7
2021.05.06	15:00:00	4170.9	4173.4	4163.1	4167.2	1007	0	7
2021.05.06	16:00:00	4167.2	4174.4	4158.7	4158.9	3083	0	7
2021.05.06	17:00:00	4158.4	4164.8	4148.2	4162.3	4308	0	7
2021.05.06	18:00:00	4162.3	4186.8	4153.6	4180.1	2725	0	1
2021.05.06	19:00:00	4180.3	4186.6	4176.8	4180.2	1969	0	7
2021.05.06	20:00:00	4180.2	4183.2	4172.9	4173.1	2064	0	7
2021.05.06	21:00:00	4173.1	4178.6	4167.4	4172.4	3251	0	7
2021.05.06	22:00:00	4172.4	4203.2	4171.1	4201.2	2744	0	7
2021.05.07	01:00:00	4202.5	4202.5	4201.2	4201.5	93	0	7
2021.05.07	02:00:00	4201.7	4202.7	4200.0	4201.2	354	0	7
2021.05.07	03:00:00	4201.2	4205.2	4198.7	4205.0	668	0	7
2021.05.07	04:00:00	4205.0	4210.5	4204.7	4209.2	796	0	7
2021.05.07	05:00:00	4209.2	4210.5	4203.7	4205.5	652	0	7
2021.05.07	06:00:00	4205.5	4206.2	4204.0	4205.2	414	0	7
2021.05.07	07:00:00	4205.2	4207.5	4203.7	4207.0	251	0	8
2021.05.07	08:00:00	4207.0	4207.0	4204.5	4205.5	441	0	7
2021.05.07	09:00:00	4205.5	4206.5	4202.5	4204.5	581	0	7
2021.05.07	10:00:00	4204.5	4205.2	4198.7	4202.1	1176	0	7
2021.05.07	11:00:00	4202.1	4206.8	4201.3	4206.3	541	0	7
2021.05.07	12:00:00	4206.0	4209.3	4204.5	4209.3	440	0	7
2021.05.07	13:00:00	4209.0	4213.6	4208.3	4211.1	476	0	7
2021.05.07	14:00:00	4211.1	4212.1	4208.6	4212.1	337	0	7
2021.05.07	15:00:00	4212.1	4220.8	4203.6	4214.9	2871	0	7
2021.05.07	16:00:00	4214.9	4225.5	4202.8	4220.3	3839	0	7
2021.05.07	17:00:00	4220.8	4237.5	4219.8	4233.0	2410	0	7
2021.05.07	18:00:00	4232.8	4239.3	4231.5	4236.3	1595	0	7
2021.05.07	19:00:00	4236.5	4236.8	4227.5	4232.0	1243	0	7
2021.05.07	20:00:00	4232.0	4232.3	4225.8	4228.0	1378	0	7
2021.05.07	21:00:00	4227.8	4233.8	4223.3	4232.3	1608	0	7
2021.05.07	22:00:00	4232.0	4238.8	4230.5	4231.3	2196	0	7
2021.05.10	01:00:00	4235.5	4236.8	4235.0	4235.8	119	0	7
2021.05.10	02:00:00	4235.8	4240.0	4235.3	4239.0	405	0	7
2021.05.10	03:00:00	4238.8	4245.3	4237.5	4242.5	645	0	7
2021.05.10	04:00:00	4242.5	4245.0	4241.5	4243.3	731	0	7
2021.05.10	05:00:00	4243.3	4244.0	4241.3	4241.5	496	0	7
2021.05.10	06:00:00	4241.8	4242.3	4239.8	4240.3	332	0	7
2021.05.10	07:00:00	4240.3	4241.8	4239.3	4239.8	239	0	8
2021.05.10	08:00:00	4239.8	4241.0	4237.5	4240.8	424	0	7
2021.05.10	09:00:00	4240.8	4241.3	4233.3	4236.0	702	0	7
2021.05.10	10:00:00	4236.0	4236.3	4229.5	4233.8	1145	0	7
2021.05.10	11:00:00	4233.8	4237.3	4231.3	4231.8	684	0	7
2021.05.10	12:00:00	4231.8	4234.5	4230.8	4232.8	494	0	7
2021.05.10	13:00:00	4232.8	4236.0	4231.8	4235.8	567	0	7
2021.05.10	14:00:00	4235.8	4237.3	4233.9	4235.1	579	0	7
2021.05.10	15:00:00	4235.1	4240.1	4234.6	4237.0	567	0	7
2021.05.10	16:00:00	4237.0	4238.2	4228.2	4232.2	2008	0	7
2021.05.10	17:00:00	4232.4	4235.4	4221.9	4227.2	3368	0	7
2021.05.10	18:00:00	4227.4	4235.9	4224.9	4234.9	2149	0	7
2021.05.10	19:00:00	4235.2	4237.7	4228.9	4229.2	1211	0	7
2021.05.10	20:00:00	4229.4	4231.2	4225.2	4225.7	1425	0	7
2021.05.10	21:00:00	4225.9	4226.4	4198.5	4204.5	3187	0	7
2021.05.10	22:00:00	4204.5	4209.2	4189.2	4190.7	3151	0	7
2021.05.11	01:00:00	4186.5	4192.0	4186.5	4191.5	194	0	7
2021.05.11	02:00:00	4191.7	4192.7	4188.2	4190.5	442	0	7
2021.05.11	03:00:00	4190.5	4192.2	4165.0	4170.5	1628	0	7
2021.05.11	04:00:00	4170.2	4172.0	4159.7	4163.7	2489	0	7
2021.05.11	05:00:00	4163.7	4166.0	4156.7	4163.2	1612	0	7
2021.05.11	06:00:00	4163.2	4170.7	4160.5	4169.2	1018	0	7
2021.05.11	07:00:00	4169.2	4170.7	4162.5	4164.5	874	0	7
2021.05.11	08:00:00	4164.5	4174.7	4164.0	4174.0	1019	0	7
2021.05.11	09:00:00	4174.0	4176.7	4170.5	4174.5	1232	0	7
2021.05.11	10:00:00	4174.5	4177.0	4155.5	4163.0	2812	0	7
2021.05.11	11:00:00	4163.0	4164.0	4152.3	4158.3	2113	0	7
2021.05.11	12:00:00	4158.6	4168.6	4157.8	4161.6	1537	0	7
2021.05.11	13:00:00	4161.6	4163.3	4152.8	4159.1	1677	0	7
2021.05.11	14:00:00	4159.3	4160.6	4151.2	4151.4	1240	0	7
2021.05.11	15:00:00	4150.7	4155.9	4134.8	4136.0	1843	0	7
2021.05.11	16:00:00	4136.0	4159.5	4130.5	4159.3	3771	0	7
2021.05.11	17:00:00	4159.5	4163.3	4111.0	4128.8	6232	0	7
2021.05.11	18:00:00	4129.0	4154.3	4118.3	4151.0	4722	0	7
2021.05.11	19:00:00	4151.0	4154.5	4131.0	4135.8	3888	0	7
2021.05.11	20:00:00	4135.8	4157.8	4134.0	4152.8	3192	0	7
2021.05.11	21:00:00	4153.5	4158.0	4141.8	4151.8	4186	0	7
2021.05.11	22:00:00	4151.5	4160.8	4137.0	4152.8	4575	0	7
2021.05.12	01:00:00	4149.3	4149.8	4146.3	4148.0	142	0	7
2021.05.12	02:00:00	4148.0	4153.0	4143.5	4153.0	560	0	7
2021.05.12	03:00:00	4153.0	4157.0	4133.5	4136.3	1711	0	7
2021.05.12	04:00:00	4136.0	4144.0	4134.0	4137.3	2339	0	7
2021.05.12	05:00:00	4137.5	4145.5	4137.0	4139.8	1763	0	7
2021.05.12	06:00:00	4139.8	4143.3	4122.8	4125.0	1751	0	7
2021.05.12	07:00:00	4125.0	4131.3	4117.0	4131.0	1568	0	7
2021.05.12	08:00:00	4131.0	4139.8	4129.5	4130.0	1621	0	7
2021.05.12	09:00:00	4130.0	4142.5	4128.8	4141.8	1889	0	7
2021.05.12	10:00:00	4141.8	4153.5	4138.0	4149.8	2621	0	7
2021.05.12	11:00:00	4149.8	4151.3	4136.8	4141.0	2115	0	7
2021.05.12	12:00:00	4141.0	4145.5	4134.5	4139.8	1741	0	7
2021.05.12	13:00:00	4139.8	4146.0	4133.3	4135.3	1717	0	7
2021.05.12	14:00:00	4135.3	4141.0	4132.5	4140.0	1348	0	7
2021.05.12	15:00:00	4140.2	4143.0	4102.8	4126.0	3941	0	7
2021.05.12	16:00:00	4126.0	4135.5	4118.8	4121.3	5844	0	7
2021.05.12	17:00:00	4121.0	4124.8	4097.3	4104.5	5656	0	7
2021.05.12	18:00:00	4104.3	4111.0	4085.1	4087.3	3844	0	7
2021.05.12	19:00:00	4087.1	4091.1	4076.8	4087.1	3915	0	7
2021.05.12	20:00:00	4086.8	4095.3	4077.9	4082.2	3851	0	7
2021.05.12	21:00:00	4081.7	4091.9	4072.7	4084.2	4045	0	7
2021.05.12	22:00:00	4083.9	4085.4	4057.7	4065.2	5217	0	7
2021.05.13	01:00:00	4066.1	4069.4	4066.1	4068.6	503	0	7
2021.05.13	02:00:00	4068.6	4071.6	4066.6	4070.6	1083	0	7
2021.05.13	03:00:00	4070.4	4078.4	4062.1	4075.9	1871	0	7
2021.05.13	04:00:00	4075.9	4082.1	4071.0	4080.1	2359	0	7
2021.05.13	05:00:00	4080.1	4080.9	4074.9	4079.6	1678	0	7
2021.05.13	06:00:00	4079.9	4082.9	4076.1	4077.4	1275	0	7
2021.05.13	07:00:00	4077.4	4079.1	4075.6	4077.9	896	0	7
2021.05.13	08:00:00	4077.9	4078.6	4063.4	4064.4	1535	0	7
2021.05.13	09:00:00	4064.4	4076.4	4064.4	4069.4	1809	0	7
2021.05.13	10:00:00	4069.4	4069.9	4046.6	4047.6	3727	0	7
2021.05.13	11:00:00	4047.6	4053.4	4035.1	4046.4	3508	0	7
2021.05.13	12:00:00	4046.4	4056.6	4043.4	4049.9	2379	0	7
2021.05.13	13:00:00	4049.9	4054.1	4043.1	4052.9	2539	0	7
2021.05.13	14:00:00	4052.6	4071.1	4049.9	4065.1	2487	0	7
2021.05.13	15:00:00	4065.1	4080.4	4064.4	4074.9	2750	0	7
2021.05.13	16:00:00	4074.9	4109.4	4074.4	4109.1	3940	0	7
2021.05.13	17:00:00	4109.1	4128.9	4109.1	4127.1	4452	0	7
2021.05.13	18:00:00	4127.6	4128.1	4101.1	4105.6	4220	0	7
2021.05.13	19:00:00	4105.9	4120.4	4103.6	4107.4	4037	0	7
2021.05.13	20:00:00	4107.9	4113.4	4087.4	4097.1	4730	0	7
2021.05.13	21:00:00	4096.6	4125.9	4096.6	4119.3	4628	0	7
2021.05.13	22:00:00	4119.5	4132.4	4110.9	4111.6	4192	0	7
2021.05.14	01:00:00	4113.8	4116.8	4113.6	4115.1	122	0	7
2021.05.14	02:00:00	4115.1	4120.6	4110.8	4119.1	882	0	7
2021.05.14	03:00:00	4119.1	4126.1	4117.1	4125.2	1383	0	7
2021.05.14	04:00:00	4125.3	4130.6	4121.6	4126.6	1783	0	7
2021.05.14	05:00:00	4126.8	4128.1	4121.6	4125.1	1801	0	7
2021.05.14	06:00:00	4125.3	4133.1	4125.1	4130.6	1336	0	7
2021.05.14	07:00:00	4130.8	4133.1	4128.6	4130.1	796	0	7
2021.05.14	08:00:00	4130.1	4136.8	4130.1	4135.8	1468	0	7
2021.05.14	09:00:00	4135.6	4139.1	4128.6	4138.1	1485	0	7
2021.05.14	10:00:00	4138.1	4138.6	4128.1	4131.0	2580	0	7
2021.05.14	11:00:00	4131.1	4138.6	4129.6	4137.3	1829	0	7
2021.05.14	12:00:00	4137.3	4143.3	4136.8	4138.1	1297	0	7
2021.05.14	13:00:00	4138.1	4139.3	4135.1	4135.8	1000	0	7
2021.05.14	14:00:00	4135.6	4142.1	4134.7	4139.6	1031	0	7
2021.05.14	15:00:00	4139.6	4141.8	4128.3	4138.1	1533	0	7
2021.05.14	16:00:00	4138.3	4157.6	4135.6	4157.6	2845	0	7
2021.05.14	17:00:00	4157.3	4162.1	4149.3	4161.3	3504	0	7
2021.05.14	18:00:00	4161.6	4165.8	4157.1	4162.3	1906	0	7
2021.05.14	19:00:00	4162.8	4171.1	4161.8	4170.8	1209	0	7
2021.05.14	20:00:00	4170.8	4173.8	4169.3	4172.8	1188	0	7
2021.05.14	21:00:00	4173.1	4183.6	4171.6	4180.8	1072	0	7
2021.05.14	22:00:00	4180.8	4182.6	4171.8	4174.1	2433	0	7
2021.05.17	01:00:00	4180.5	4181.3	4177.6	4177.8	242	0	7
2021.05.17	02:00:00	4178.1	4180.3	4174.8	4175.8	1190	0	7
2021.05.17	03:00:00	4175.8	4176.8	4164.6	4167.6	1932	0	7
2021.05.17	04:00:00	4167.6	4174.8	4165.6	4169.7	1661	0	7
2021.05.17	05:00:00	4169.8	4173.1	4163.8	4169.6	1845	0	7
2021.05.17	06:00:00	4169.6	4170.8	4161.3	4162.8	1505	0	7
2021.05.17	07:00:00	4163.1	4169.3	4161.3	4167.6	1068	0	7
2021.05.17	08:00:00	4167.6	4173.3	4166.1	4166.6	1711	0	7
2021.05.17	09:00:00	4166.6	4172.6	4166.1	4170.3	1462	0	7
2021.05.17	10:00:00	4170.3	4175.6	4158.6	4161.6	2336	0	7
2021.05.17	11:00:00	4161.6	4169.8	4161.3	4169.1	1229	0	7
2021.05.17	12:00:00	4169.1	4169.6	4164.3	4165.1	1033	0	7
2021.05.17	13:00:00	4165.0	4165.1	4158.1	4158.8	1188	0	7
2021.05.17	14:00:00	4158.8	4162.8	4153.8	4155.1	1027	0	7
2021.05.17	15:00:00	4155.1	4159.8	4152.8	4157.3	782	0	7
2021.05.17	16:00:00	4157.1	4172.3	4153.3	4157.8	2866	0	7
2021.05.17	17:00:00	4157.1	4164.3	4148.1	4157.3	5358	0	7
2021.05.17	18:00:00	4157.3	4159.3	4146.8	4150.0	4091	0	7
2021.05.17	19:00:00	4149.8	4159.6	4147.1	4153.1	2582	0	7
2021.05.17	20:00:00	4152.8	4155.6	4142.1	4148.8	2733	0	7
2021.05.17	21:00:00	4148.6	4160.6	4147.1	4160.1	2510	0	7
2021.05.17	22:00:00	4160.3	4165.3	4156.3	4164.1	2797	0	7
2021.05.18	01:00:00	4165.6	4165.6	4161.1	4161.1	210	0	7
2021.05.18	02:00:00	4161.1	4170.3	4161.1	4169.8	631	0	7
2021.05.18	03:00:00	4169.8	4172.1	4168.1	4171.6	1047	0	7
2021.05.18	04:00:00	4171.6	4175.3	4169.6	4174.6	1161	0	7
2021.05.18	05:00:00	4174.6	4175.3	4171.3	4172.6	763	0	7
2021.05.18	06:00:00	4172.6	4174.8	4172.3	4174.1	520	0	7
2021.05.18	07:00:00	4174.1	4174.3	4170.6	4173.3	551	0	7
2021.05.18	08:00:00	4173.3	4176.8	4172.1	4176.1	618	0	7
2021.05.18	09:00:00	4176.1	4184.3	4175.6	4181.3	618	0	7
2021.05.18	10:00:00	4181.3	4183.3	4177.8	4179.6	1015	0	7
2021.05.18	11:00:00	4179.6	4179.6	4175.1	4175.6	888	0	7
2021.05.18	12:00:00	4175.8	4178.3	4174.1	4174.6	715	0	7
2021.05.18	13:00:00	4174.8	4178.3	4173.3	4174.6	660	0	7
2021.05.18	14:00:00	4174.3	4175.8	4168.1	4169.1	786	0	7
2021.05.18	15:00:00	4169.3	4172.6	4165.1	4166.6	666	0	7
2021.05.18	16:00:00	4166.3	4168.3	4156.6	4158.8	2669	0	7
2021.05.18	17:00:00	4158.8	4167.6	4152.6	4164.8	2870	0	7
2021.05.18	18:00:00	4165.1	4166.1	4156.6	4156.8	2300	0	7
2021.05.18	19:00:00	4156.6	4162.8	4155.3	4160.6	1275	0	7
2021.05.18	20:00:00	4160.8	4163.6	4157.6	4157.6	1306	0	7
2021.05.18	21:00:00	4158.1	4158.8	4139.1	4147.8	2227	0	7
2021.05.18	22:00:00	4147.3	4153.8	4125.6	4127.8	2717	0	7
2021.05.19	01:00:00	4121.5	4124.5	4121.5	4122.0	221	0	7
2021.05.19	02:00:00	4122.0	4127.2	4113.5	4113.5	993	0	7
2021.05.19	03:00:00	4113.7	4123.7	4109.5	4121.0	1736	0	7
2021.05.19	04:00:00	4121.0	4126.0	4116.5	4119.0	1649	0	7
2021.05.19	05:00:00	4119.0	4119.2	4107.7	4110.2	1378	0	7
2021.05.19	06:00:00	4110.2	4115.0	4108.2	4114.0	954	0	7
2021.05.19	07:00:00	4114.2	4115.7	4105.0	4108.7	979	0	7
2021.05.19	08:00:00	4108.7	4113.0	4106.2	4112.7	1116	0	7
2021.05.19	09:00:00	4112.9	4117.5	4108.0	4112.5	1511	0	7
2021.05.19	10:00:00	4112.7	4113.7	4100.0	4102.7	4015	0	7
2021.05.19	11:00:00	4102.7	4104.0	4090.2	4094.0	2575	0	7
2021.05.19	12:00:00	4094.0	4105.2	4089.0	4090.2	1895	0	7
2021.05.19	13:00:00	4090.5	4096.2	4088.7	4094.2	1429	0	7
2021.05.19	14:00:00	4094.2	4094.2	4080.2	4083.5	1954	0	7
2021.05.19	15:00:00	4083.2	4090.2	4070.5	4073.2	1664	0	7
2021.05.19	16:00:00	4073.0	4083.2	4065.5	4076.5	4783	0	7
2021.05.19	17:00:00	4076.0	4080.9	4060.4	4077.7	6220	0	7
2021.05.19	18:00:00	4077.4	4091.2	4071.4	4090.2	3980	0	7
2021.05.19	19:00:00	4090.4	4101.2	4086.7	4098.7	3088	0	7
2021.05.19	20:00:00	4098.4	4109.4	4096.4	4101.2	2520	0	7
2021.05.19	21:00:00	4101.4	4112.4	4082.9	4088.9	6614	0	7
2021.05.19	22:00:00	4088.9	4117.1	4083.2	4116.8	5137	0	7
2021.05.20	01:00:00	4108.8	4110.0	4104.3	4104.5	285	0	7
2021.05.20	02:00:00	4104.4	4106.8	4103.5	4104.8	663	0	7
2021.05.20	03:00:00	4104.8	4117.3	4103.5	4112.8	1674	0	7
2021.05.20	04:00:00	4112.8	4114.5	4104.0	4112.3	2098	0	7
2021.05.20	05:00:00	4112.3	4114.5	4108.3	4109.0	1702	0	7
2021.05.20	06:00:00	4109.0	4115.0	4107.5	4113.0	1022	0	7
2021.05.20	07:00:00	4112.8	4118.0	4112.0	4117.8	702	0	7
2021.05.20	08:00:00	4117.5	4118.3	4114.3	4115.0	881	0	7
2021.05.20	09:00:00	4115.0	4116.0	4109.8	4110.5	1143	0	7
2021.05.20	10:00:00	4110.8	4114.3	4109.3	4111.8	1797	0	7
2021.05.20	11:00:00	4111.8	4111.8	4094.0	4097.0	1561	0	7
2021.05.20	12:00:00	4097.0	4098.8	4088.5	4094.8	1584	0	7
2021.05.20	13:00:00	4094.9	4101.5	4092.0	4101.5	1155	0	7
2021.05.20	14:00:00	4101.8	4109.5	4100.8	4108.5	1062	0	7
2021.05.20	15:00:00	4108.5	4119.0	4108.0	4119.0	961	0	7
2021.05.20	16:00:00	4119.3	4139.3	4118.8	4137.5	2301	0	7
2021.05.20	17:00:00	4137.3	4148.5	4136.3	4146.5	2229	0	7
2021.05.20	18:00:00	4146.8	4168.4	4146.8	4162.4	1485	0	7
2021.05.20	19:00:00	4162.7	4162.7	4147.9	4155.2	1958	0	7
2021.05.20	20:00:00	4154.9	4162.2	4152.4	4158.2	1260	0	7
2021.05.20	21:00:00	4157.9	4165.2	4157.7	4162.4	1682	0	7
2021.05.20	22:00:00	4162.7	4173.2	4156.2	4158.4	2520	0	7
2021.05.21	01:00:00	4159.1	4161.1	4159.1	4159.8	213	0	7
2021.05.21	02:00:00	4159.8	4165.8	4159.1	4165.1	526	0	7
2021.05.21	03:00:00	4165.3	4170.3	4162.6	4168.3	1172	0	7
2021.05.21	04:00:00	4168.3	4170.3	4164.3	4164.3	1208	0	7
2021.05.21	05:00:00	4164.3	4165.1	4159.8	4164.1	1274	0	7
2021.05.21	06:00:00	4164.1	4166.1	4161.1	4162.3	868	0	7
2021.05.21	07:00:00	4162.3	4168.1	4161.1	4166.6	764	0	7
2021.05.21	08:00:00	4166.8	4169.8	4163.3	4165.1	784	0	7
2021.05.21	09:00:00	4165.2	4169.3	4165.1	4167.1	1046	0	7
2021.05.21	10:00:00	4167.1	4172.6	4164.6	4165.6	2155	0	7
2021.05.21	11:00:00	4165.6	4167.3	4159.8	4165.1	1331	0	7
2021.05.21	12:00:00	4165.1	4171.6	4165.1	4168.6	1162	0	7
2021.05.21	13:00:00	4168.6	4173.3	4166.6	4167.6	915	0	7
2021.05.21	14:00:00	4167.6	4177.3	4167.6	4175.8	800	0	7
2021.05.21	15:00:00	4175.8	4176.3	4171.6	4172.6	551	0	7
2021.05.21	16:00:00	4172.6	4188.6	4171.6	4188.6	2090	0	7
2021.05.21	17:00:00	4188.8	4188.8	4170.1	4177.3	3227	0	7
2021.05.21	18:00:00	4177.6	4179.3	4165.3	4166.3	2434	0	7
2021.05.21	19:00:00	4165.8	4168.8	4151.1	4155.6	2236	0	7
2021.05.21	20:00:00	4155.3	4166.1	4154.8	4164.1	1583	0	7
2021.05.21	21:00:00	4163.8	4168.3	4156.3	4164.1	1491	0	7
2021.05.21	22:00:00	4164.3	4169.1	4154.1	4157.1	2498	0	7
2021.05.24	01:00:00	4152.2	4153.4	4149.4	4152.7	396	0	7
2021.05.24	02:00:00	4152.6	4158.9	4152.6	4153.2	940	0	7
2021.05.24	03:00:00	4153.2	4165.9	4153.2	4164.9	1559	0	7
2021.05.24	04:00:00	4165.2	4170.9	4165.2	4169.4	1710	0	7
2021.05.24	05:00:00	4169.4	4169.9	4160.9	4164.4	1344	0	7
2021.05.24	06:00:00	4164.4	4168.7	4163.9	4166.9	862	0	7
2021.05.24	07:00:00	4166.9	4167.4	4162.7	4164.9	701	0	7
2021.05.24	08:00:00	4164.9	4168.2	4164.3	4165.4	979	0	7
2021.05.24	09:00:00	4165.4	4168.9	4164.7	4167.7	772	0	7
2021.05.24	10:00:00	4167.7	4176.9	4167.2	4176.2	1373	0	7
2021.05.24	11:00:00	4176.2	4176.3	4169.2	4170.9	831	0	7
2021.05.24	12:00:00	4170.9	4176.9	4169.9	4176.9	883	0	7
2021.05.24	13:00:00	4176.9	4177.2	4174.2	4175.2	453	0	7
2021.05.24	14:00:00	4175.2	4175.9	4171.9	4174.7	570	0	7
2021.05.24	15:00:00	4174.7	4179.4	4174.2	4178.4	618	0	7
2021.05.24	16:00:00	4178.4	4187.9	4177.2	4187.9	1699	0	7
2021.05.24	17:00:00	4188.4	4201.7	4188.4	4199.7	1467	0	7
2021.05.24	18:00:00	4199.4	4203.2	4197.7	4198.9	993	0	7
2021.05.24	19:00:00	4199.2	4201.2	4195.9	4199.7	830	0	7
2021.05.24	20:00:00	4199.4	4205.2	4198.2	4204.2	827	0	7
2021.05.24	21:00:00	4204.4	4209.7	4203.9	4207.2	643	0	7
2021.05.24	22:00:00	4206.9	4209.4	4195.9	4198.2	1384	0	7
2021.05.25	01:00:00	4203.9	4206.2	4203.7	4206.2	173	0	7
2021.05.25	02:00:00	4206.2	4206.7	4203.7	4204.7	562	0	7
2021.05.25	03:00:00	4204.7	4205.7	4199.2	4204.7	1340	0	7
2021.05.25	04:00:00	4204.7	4208.2	4201.4	4203.7	1691	0	7
2021.05.25	05:00:00	4203.7	4205.7	4202.7	4205.4	1024	0	7
2021.05.25	06:00:00	4205.4	4207.2	4204.9	4205.9	483	0	7
2021.05.25	07:00:00	4205.4	4205.7	4204.7	4205.2	288	0	7
2021.05.25	08:00:00	4205.2	4209.4	4204.9	4208.9	582	0	7
2021.05.25	09:00:00	4208.9	4216.2	4208.7	4213.7	1105	0	7
2021.05.25	10:00:00	4213.4	4213.9	4208.2	4209.4	1190	0	7
2021.05.25	11:00:00	4209.4	4211.2	4207.4	4211.2	784	0	7
2021.05.25	12:00:00	4211.4	4211.7	4209.7	4211.4	394	0	7
2021.05.25	13:00:00	4211.7	4213.4	4207.2	4207.7	660	0	7
2021.05.25	14:00:00	4207.4	4212.7	4206.7	4211.7	425	0	7
2021.05.25	15:00:00	4211.7	4212.2	4207.9	4209.2	446	0	7
2021.05.25	16:00:00	4209.2	4213.4	4199.2	4199.7	1752	0	7
2021.05.25	17:00:00	4199.3	4203.2	4196.2	4200.9	2552	0	7
2021.05.25	18:00:00	4200.7	4201.4	4186.2	4195.2	2509	0	7
2021.05.25	19:00:00	4195.4	4200.9	4193.9	4197.9	1451	0	7
2021.05.25	20:00:00	4197.9	4198.9	4190.4	4194.2	1466	0	7
2021.05.25	21:00:00	4194.4	4194.7	4188.7	4190.2	1697	0	7
2021.05.25	22:00:00	4189.9	4193.9	4182.9	4189.7	2168	0	7
2021.05.26	01:00:00	4194.4	4198.4	4194.4	4197.7	241	0	7
2021.05.26	02:00:00	4197.7	4197.9	4195.7	4197.4	453	0	7
2021.05.26	03:00:00	4197.2	4203.2	4195.9	4201.4	1039	0	7
2021.05.26	04:00:00	4201.4	4203.4	4199.4	4200.4	1069	0	7
2021.05.26	05:00:00	4200.4	4202.7	4199.9	4201.9	828	0	7
2021.05.26	06:00:00	4201.7	4202.9	4201.2	4201.4	398	0	7
2021.05.26	07:00:00	4201.4	4201.9	4200.4	4200.9	274	0	7
2021.05.26	08:00:00	4200.9	4203.2	4200.7	4202.4	433	0	7
2021.05.26	09:00:00	4202.4	4205.7	4194.9	4204.2	1118	0	7
2021.05.26	10:00:00	4204.2	4206.2	4198.2	4201.2	1490	0	7
2021.05.26	11:00:00	4201.2	4203.9	4198.9	4200.4	1131	0	7
2021.05.26	12:00:00	4200.4	4207.7	4199.3	4200.4	756	0	7
2021.05.26	13:00:00	4200.4	4202.2	4199.2	4200.7	532	0	7
2021.05.26	14:00:00	4200.7	4206.7	4200.2	4200.4	761	0	7
2021.05.26	15:00:00	4200.4	4204.4	4196.4	4198.7	567	0	7
2021.05.26	16:00:00	4198.7	4199.7	4184.7	4185.7	1851	0	7
2021.05.26	17:00:00	4185.9	4195.9	4184.2	4195.7	1904	0	7
2021.05.26	18:00:00	4195.9	4200.2	4193.7	4199.2	1182	0	7
2021.05.26	19:00:00	4199.4	4201.4	4198.4	4200.4	772	0	7
2021.05.26	20:00:00	4200.2	4202.7	4190.9	4193.4	1229	0	7
2021.05.26	21:00:00	4193.7	4198.2	4192.9	4194.9	820	0	7
2021.05.26	22:00:00	4194.7	4197.9	4192.4	4197.2	1610	0	7
2021.05.27	01:00:00	4199.0	4199.0	4196.0	4196.0	140	0	8
2021.05.27	02:00:00	4195.8	4196.3	4193.8	4196.0	569	0	7
2021.05.27	03:00:00	4195.8	4197.3	4190.8	4193.8	1070	0	7
2021.05.27	04:00:00	4193.5	4194.0	4185.8	4188.3	1369	0	7
2021.05.27	05:00:00	4188.3	4190.3	4186.3	4189.3	736	0	7
2021.05.27	06:00:00	4189.3	4192.5	4188.0	4191.8	689	0	7
2021.05.27	07:00:00	4191.8	4192.3	4188.5	4190.5	447	0	7
2021.05.27	08:00:00	4190.5	4193.0	4187.0	4192.0	811	0	7
2021.05.27	09:00:00	4192.0	4192.8	4181.0	4184.5	833	0	7
2021.05.27	10:00:00	4184.8	4189.0	4183.0	4186.3	1654	0	7
2021.05.27	11:00:00	4186.3	4190.3	4184.0	4185.3	1040	0	7
2021.05.27	12:00:00	4185.3	4187.0	4184.0	4184.0	690	0	7
2021.05.27	13:00:00	4184.0	4189.0	4182.8	4187.8	608	0	7
2021.05.27	14:00:00	4187.8	4194.3	4186.5	4193.8	654	0	7
2021.05.27	15:00:00	4193.8	4201.8	4183.8	4200.5	1568	0	7
2021.05.27	16:00:00	4200.5	4212.3	4200.0	4207.0	1974	0	7
2021.05.27	17:00:00	4207.3	4213.4	4204.0	4207.4	2073	0	7
2021.05.27	18:00:00	4207.2	4209.9	4200.9	4209.2	1668	0	7
2021.05.27	19:00:00	4208.9	4210.7	4206.2	4206.9	790	0	7
2021.05.27	20:00:00	4207.2	4208.4	4200.7	4203.4	1043	0	7
2021.05.27	21:00:00	4203.4	4203.7	4198.7	4202.4	1113	0	7
2021.05.27	22:00:00	4202.2	4207.7	4197.7	4198.2	1632	0	7
2021.05.28	01:00:00	4213.2	4213.9	4212.7	4213.7	144	0	7
2021.05.28	02:00:00	4213.8	4219.2	4211.9	4217.4	593	0	7
2021.05.28	03:00:00	4217.4	4220.7	4216.4	4217.7	972	0	7
2021.05.28	04:00:00	4217.7	4218.4	4214.7	4215.4	796	0	7
2021.05.28	05:00:00	4215.4	4216.2	4213.2	4214.7	464	0	7
2021.05.28	06:00:00	4214.7	4217.2	4214.7	4216.9	350	0	7
2021.05.28	07:00:00	4216.9	4216.9	4214.7	4215.9	310	0	7
2021.05.28	08:00:00	4215.9	4217.4	4211.4	4212.3	531	0	7
2021.05.28	09:00:00	4212.4	4213.2	4210.2	4212.7	634	0	7
2021.05.28	10:00:00	4212.9	4214.9	4210.9	4214.4	1102	0	7
2021.05.28	11:00:00	4214.7	4217.4	4214.7	4217.4	599	0	7
2021.05.28	12:00:00	4217.4	4218.7	4215.4	4217.9	563	0	7
2021.05.28	13:00:00	4217.9	4219.7	4215.9	4219.7	542	0	7
2021.05.28	14:00:00	4219.7	4220.2	4215.9	4216.2	358	0	7
2021.05.28	15:00:00	4216.2	4216.7	4210.9	4212.2	749	0	7
2021.05.28	16:00:00	4212.4	4216.9	4209.4	4214.7	1534	0	7
2021.05.28	17:00:00	4214.4	4216.2	4205.7	4210.4	1655	0	7
2021.05.28	18:00:00	4210.4	4216.2	4209.4	4215.4	951	0	7
2021.05.28	19:00:00	4215.2	4218.4	4214.2	4214.7	566	0	7
2021.05.28	20:00:00	4214.7	4215.9	4211.2	4212.7	712	0	7
2021.05.28	21:00:00	4212.9	4214.9	4210.7	4213.7	702	0	7
2021.05.28	22:00:00	4213.4	4215.4	4204.4	4207.2	1526	0	7
